pdb,offset
1A43,147
1A5E,0
1A7C,1
1AAR,0
1AG2,123
1AJ3,9
1AKK,0
1AM7,1
1ANK,0
1APS,0
1ARR,0
1AXB,2
1AYF,5
1AYI,0
1AZP,0
1B0O,1
1B10,124
1BFG,-142
1BFM,0
1BNI,2
1BP2,0
1BPI,0
1BTA,0
1BU4,0
1BVC,0
1BYW,0
1C2R,0
1C9O,0
1CDC,3
1CF3,-22
1CHK,0
1CQW,11
1CSP,0
1CYC,0
1DIL,1
1DIV,0
1DKT,4
1FKJ,0
1FRD,0
1FTG,1
1FXA,0
1G6N,6
1G6P,0
1H0C,0
1H0X,8
1H56,1
1H7M,-1
1HFY,0
1HFZ,-1
1HME,0
1HNG,1
1HTI,0
1HUE,0
1IGV,0
1IHB,4
1IMQ,0
1IO2,0
1IOB,0
1IRO,0
1ITM,-1
1JY0,-3
1K5U,9
1K9Q,4
1KCQ,158
1KFW,9
1LS4,0
1LZ1,0
1M21,0
1M7T,0
1MBG,89
1MGR,2
1MJ5,0
1MJC,1
1MSI,-1
1N18,0
1N88,0
1NVO,0
1O1U,0
1OH0,2
1OIA,2
1ONC,1
1P2P,0
1PDO,1
1PFL,0
1POH,0
1PX0,0
1QGD,0
1QLP,22
1QM0,124
1QND,0
1QQV,9
1REI,0
1RGG,0
1RIL,1
1RIS,0
1ROP,0
1RRO,0
1RTB,0
1RX4,0
1SHF,83
1SHG,5
1STN,5
1SUP,0
1TEN,802
1TIT,0
1TTG,0
1TUP,93
1TUX,-26
1UBQ,0
1UWO,0
1UZC,2
1VII,40
1VQB,0
1W4E,125
1W4H,125
1WIT,0
1XZO,2
1Y4Y,1
1Y9X,0
1YYJ,0
2A01,0
2A36,0
2ABD,0
2AFG,9
2AKY,2
2BJD,11
2C9Q,0
2DRI,0
2DVV,343
2GNQ,18
2HBB,0
2HMB,0
2HPR,1
2IFB,0
2IN9,0
2K3K,0
2K7K,0
2KYC,0
2LTB,499
2LZM,0
2MMX,0
2MPC,3
2N53,91
2O9P,0
2OUO,348
2PTL,0
2RLK,0
2RN2,0
2SPZ,0
2TRX,0
2UXY,0
2VY0,33
2WQG,0
3BLS,3
3D2A,-31
3DVF,0
3ECU,0
3F6R,1
3G1G,150
3MBP,0
3PG0,1
3PG4,0
3S4M,88
3S92,306
3SSI,5
3TGL,-94
3VUB,0
3WP4,-19
451C,0
4BJX,41
4GWT,5
4HXJ,82
4JZ4,80
4LYZ,0
4Q0M,-1
4YEE,74
4YEF,76
4ZLU,0
5AZU,0
5C0Z,0
5CRO,0
5EMZ,0
5NP8,4
5T43,0
5TR5,0
5ZYR,0
6BQG,0
6G4B,0
6JHM,0
6TQ3,0
